category,total_orders,total_items,total_revenue,total_freight,freight_ratio,delivery_orders,late_orders,avg_delivery_delay_days,late_delivery_rate,reviewed_orders,avg_review_score,negative_reviews,negative_review_rate,reliable_review_volume,category_segment
agro_industry_and_commerce,182,212,72530.47,5843.6,0.0805675187269571,177.0,9.0,-10.564726145637163,5.084745762711865,182.0,4.021978021978022,27.0,14.835164835164836,True,Lower Revenue + Lower Experience
air_conditioning,253,297,55024.96,6749.23,0.1226576084744087,246.0,10.0,-13.236773938572718,4.0650406504065035,249.0,4.028112449799197,41.0,16.46586345381526,True,Lower Revenue + Lower Experience
art,202,209,24202.64,4045.17,0.16713755193648297,195.0,15.0,-12.191792616334283,7.6923076923076925,200.0,4.025,32.0,16.0,True,Lower Revenue + Lower Experience
arts_and_craftmanship,23,24,1814.01,370.13,0.2040396690205677,23.0,2.0,-5.947493458132045,8.695652173913043,23.0,4.173913043478261,3.0,13.043478260869565,False,Insufficient Review Volume
audio,350,364,50688.5,5710.44,0.11265750614044605,348.0,45.0,-9.363717605896126,12.931034482758621,347.0,3.8275862068965516,77.0,22.19020172910663,True,Lower Revenue + Lower Experience
auto,3897,4235,592720.11,92664.21,0.15633721285414123,3809.0,328.0,-10.509993187431327,8.611184037805199,3877.0,4.090629011553274,564.0,14.547330410110911,True,High Revenue + Lower Experience
baby,2885,3065,411764.89,68353.11,0.16600033577413556,2809.0,258.0,-10.794723507772636,9.184763260946955,2861.0,4.039735099337748,458.0,16.00838867528836,True,High Revenue + Lower Experience
bed_bath_table,9417,11115,1036988.68,204693.04,0.1973917786643534,9272.0,811.0,-10.693906195075577,8.74676445211389,9313.0,3.9686174724342664,1587.0,17.0406958015677,True,High Revenue + Lower Experience
books_general_interest,512,553,46856.88,9195.52,0.19624695455608657,495.0,34.0,-11.19180744949495,6.8686868686868685,508.0,4.46259842519685,42.0,8.267716535433072,True,Lower Revenue + High Experience
books_imported,53,60,4639.85,769.85,0.1659213121113829,50.0,2.0,-10.441372685185186,4.0,53.0,4.320754716981132,7.0,13.20754716981132,False,Insufficient Review Volume
books_technical,260,267,19096.06,4283.06,0.2242902462602233,256.0,28.0,-10.622882803457754,10.9375,257.0,4.405405405405405,26.0,10.116731517509727,True,Lower Revenue + High Experience
cds_dvds_musicals,12,14,730.0,224.98999999999998,0.3082054794520548,12.0,0.0,-15.076795910493829,0.0,12.0,4.666666666666667,0.0,0.0,False,Insufficient Review Volume
christmas_supplies,128,153,8800.82,3229.2999999999997,0.36693171772630273,125.0,12.0,-11.46123462962963,9.6,126.0,4.055555555555555,16.0,12.698412698412698,True,Lower Revenue + Lower Experience
cine_photo,65,72,6933.46,1256.2,0.18117938229974645,63.0,5.0,-9.953640689300412,7.936507936507936,65.0,4.242424242424242,9.0,13.846153846153847,False,Insufficient Review Volume
computers,181,203,222963.13,9836.3,0.04411626263050756,177.0,13.0,-10.853418079096045,7.344632768361582,178.0,4.174157303370786,23.0,12.921348314606742,True,High Revenue + High Experience
computers_accessories,6689,7827,911954.32,147318.08,0.16154107368009396,6529.0,503.0,-11.682958174852368,7.704089447082249,6649.0,4.02581319009251,1078.0,16.212964355542187,True,High Revenue + Lower Experience
consoles_games,1062,1137,157465.22,19828.02,0.12591999680945418,1018.0,83.0,-10.828964256803463,8.153241650294696,1052.0,4.064577397910731,150.0,14.258555133079847,True,High Revenue + Lower Experience
construction_tools_construction,748,929,144677.59,20650.41,0.1427339921822032,736.0,67.0,-10.378842686946458,9.103260869565217,743.0,4.081989247311828,108.0,14.535666218034994,True,High Revenue + Lower Experience
construction_tools_lights,244,304,41080.0,7583.8,0.18461051606621226,242.0,22.0,-10.77610039791858,9.090909090909092,241.0,4.128099173553719,27.0,11.20331950207469,True,Lower Revenue + High Experience
construction_tools_safety,167,194,40544.52,3919.1,0.09666164502625756,159.0,7.0,-12.217737668879572,4.40251572327044,166.0,3.8493975903614457,34.0,20.481927710843372,True,Lower Revenue + Lower Experience
cool_stuff,3632,3796,635290.85,84039.1,0.1322844489260313,3559.0,243.0,-11.732876907006753,6.8277606069120536,3599.0,4.169298974785259,452.0,12.559044178938594,True,High Revenue + High Experience
costruction_tools_garden,194,238,25715.89,5311.4,0.20654155854609738,190.0,13.0,-12.848935246101366,6.842105263157896,194.0,4.198979591836735,27.0,13.917525773195877,True,Lower Revenue + High Experience
costruction_tools_tools,97,103,15903.95,2030.22,0.1276550793985142,97.0,6.0,-11.513747016991218,6.185567010309279,94.0,4.425531914893617,8.0,8.51063829787234,False,Insufficient Review Volume
diapers_and_hygiene,27,39,1567.59,573.68,0.36596303880478953,25.0,1.0,-11.759077777777778,4.0,27.0,3.740740740740741,5.0,18.51851851851852,False,Insufficient Review Volume
drinks,297,379,22428.7,5741.25,0.2559778319742116,287.0,19.0,-10.257572428700477,6.620209059233449,296.0,4.164983164983165,36.0,12.162162162162163,True,Lower Revenue + High Experience
dvds_blu_ray,59,64,5999.39,1288.74,0.21481183920365235,56.0,4.0,-12.456376281415345,7.142857142857142,58.0,4.086206896551724,10.0,17.24137931034483,False,Insufficient Review Volume
electronics,2550,2767,160246.74,46578.32,0.29066625629950416,2517.0,247.0,-10.309545870488089,9.813269765593962,2531.0,4.095576619273301,356.0,14.065586724614775,True,High Revenue + Lower Experience
fashio_female_clothing,39,48,2803.64,621.75,0.2217652765690317,36.0,2.0,-11.26211869855967,5.555555555555555,39.0,3.731707317073171,9.0,23.076923076923077,False,Insufficient Review Volume
fashion_bags_accessories,1864,2031,152823.54,31450.0,0.20579290337077652,1821.0,121.0,-12.483625163981937,6.6447007138934655,1854.0,4.189304812834225,217.0,11.704422869471413,True,High Revenue + High Experience
fashion_childrens_clothes,8,8,569.85,95.51,0.16760551022198825,7.0,0.0,-14.994464285714287,0.0,8.0,4.5,1.0,12.5,False,Insufficient Review Volume
fashion_male_clothing,112,132,10797.82,2152.41,0.19933745885743603,106.0,5.0,-12.725209206848357,4.716981132075472,111.0,3.7027027027027026,29.0,26.126126126126124,True,Lower Revenue + Lower Experience
fashion_shoes,240,262,23562.77,4918.87,0.20875601637668237,235.0,15.0,-13.595900610717099,6.382978723404255,236.0,4.2133891213389125,30.0,12.711864406779661,True,Lower Revenue + High Experience
fashion_sport,27,30,2119.51,578.13,0.27276587513151623,26.0,2.0,-11.515592948717948,7.6923076923076925,27.0,4.285714285714286,3.0,11.11111111111111,False,Insufficient Review Volume
fashion_underwear_beach,121,131,9541.55,1916.19,0.2008258616262557,117.0,15.0,-9.781304210193099,12.82051282051282,120.0,3.933333333333333,22.0,18.333333333333332,True,Lower Revenue + Lower Experience
fixed_telephony,217,264,59583.0,4637.81,0.07783780608562846,212.0,11.0,-14.24392754192872,5.188679245283019,214.0,3.902325581395349,40.0,18.69158878504673,True,Lower Revenue + Lower Experience
flowers,29,33,1110.04,488.87,0.44040755288097727,29.0,1.0,-11.165110153256705,3.4482758620689653,28.0,4.392857142857143,2.0,7.142857142857142,False,Insufficient Review Volume
food,450,510,29393.41,7271.03,0.24736939334361,441.0,44.0,-9.12088981271521,9.977324263038549,445.0,4.276404494382023,51.0,11.46067415730337,True,Lower Revenue + High Experience
food_drink,227,278,15179.48,4507.99,0.29697921140908645,221.0,14.0,-10.70121281632311,6.334841628959276,226.0,4.385964912280702,13.0,5.752212389380531,True,Lower Revenue + High Experience
furniture_bedroom,95,109,20028.78,4632.23,0.23127868996514014,90.0,7.0,-12.645431327160493,7.777777777777778,95.0,4.135416666666667,15.0,15.789473684210526,False,Insufficient Review Volume
furniture_decor,6449,8334,729762.49,172749.3,0.23671989498939577,6307.0,535.0,-11.654866122811809,8.48263833835421,6398.0,4.006039956636209,1081.0,16.895904970303217,True,High Revenue + Lower Experience
furniture_living_room,422,503,68916.56,17968.170000000002,0.26072354743185094,414.0,35.0,-11.051174069601002,8.454106280193237,417.0,4.0285714285714285,65.0,15.587529976019185,True,Lower Revenue + Lower Experience
furniture_mattress_and_upholstery,38,38,4368.08,1630.46,0.37326697313236024,37.0,5.0,-6.47840746996997,13.513513513513514,38.0,3.8157894736842106,8.0,21.052631578947366,False,Insufficient Review Volume
garden_tools,3518,4347,485256.46,98962.75,0.20393906760149055,3448.0,274.0,-11.16489539024233,7.9466357308584685,3496.0,4.134341129492299,473.0,13.529748283752859,True,High Revenue + High Experience
health_beauty,8836,9670,1258681.34,182566.73,0.14504602888607215,8649.0,776.0,-11.28170791795669,8.972135506995029,8771.0,4.182188987083617,1118.0,12.746551134420248,True,High Revenue + High Experience
home_appliances,764,771,80171.53,14818.9,0.1848399300849067,747.0,50.0,-11.894803504140016,6.693440428380187,761.0,4.166458072590738,97.0,12.746386333771353,True,Lower Revenue + High Experience
home_appliances_2,234,238,113317.74,10600.18,0.09354387053606963,227.0,16.0,-11.677609112416382,7.048458149779736,232.0,4.136752136752137,30.0,12.931034482758621,True,High Revenue + High Experience
home_comfort_2,24,30,760.27,410.31,0.5396898470280296,24.0,4.0,-8.04352092978395,16.666666666666664,23.0,3.8260869565217392,5.0,21.73913043478261,False,Insufficient Review Volume
home_confort,397,434,58572.04,8501.23,0.14514143608452088,392.0,41.0,-9.064910950491308,10.459183673469388,395.0,3.85929648241206,77.0,19.49367088607595,True,Lower Revenue + Lower Experience
home_construction,490,604,83088.12,13832.24,0.16647674781906246,483.0,39.0,-10.772914773598652,8.074534161490684,487.0,3.9692622950819674,86.0,17.659137577002053,True,Lower Revenue + Lower Experience
housewares,5884,6964,632248.66,146149.11,0.23115764294383792,5743.0,399.0,-11.395984683044093,6.947588368448546,5843.0,4.142369991474851,773.0,13.229505391066231,True,High Revenue + High Experience
industry_commerce_and_business,235,268,39669.61,7884.68,0.1987586971487746,231.0,19.0,-11.54937715448132,8.225108225108226,233.0,4.1923076923076925,26.0,11.158798283261802,True,Lower Revenue + High Experience
kitchen_dining_laundry_garden_furniture,248,281,46328.37,11999.43,0.25900824915705,241.0,11.0,-11.586929556631318,4.564315352697095,246.0,4.044534412955466,34.0,13.821138211382115,True,Lower Revenue + Lower Experience
la_cuisine,13,14,2054.99,333.55,0.1623122253636271,13.0,0.0,-15.714803240740743,0.0,12.0,4.25,2.0,16.666666666666664,False,Insufficient Review Volume
luggage_accessories,1034,1092,140429.98,30445.23,0.21680007360251705,1019.0,56.0,-11.896744925126304,5.49558390578999,1030.0,4.331067961165049,95.0,9.223300970873787,True,High Revenue + High Experience
market_place,280,311,28378.47,5456.06,0.19226054117787184,274.0,13.0,-13.280353642876452,4.744525547445255,278.0,4.028776978417266,38.0,13.66906474820144,True,Lower Revenue + Lower Experience
music,38,38,6034.35,690.51,0.11442988888612692,38.0,3.0,-13.615141020955164,7.894736842105263,38.0,4.2105263157894735,4.0,10.526315789473683,False,Insufficient Review Volume
musical_instruments,628,680,191498.88,18638.49,0.09732949874171588,611.0,54.0,-10.781762005970783,8.8379705400982,622.0,4.18298555377207,82.0,13.183279742765272,True,High Revenue + High Experience
office_furniture,1273,1691,273960.7,68571.95,0.2502984917179727,1254.0,115.0,-11.134130126188788,9.170653907496012,1263.0,3.617507886435331,288.0,22.802850356294538,True,High Revenue + Lower Experience
party_supplies,39,43,4485.18,827.97,0.18460128690487337,38.0,1.0,-14.005991410818712,2.631578947368421,39.0,4.0,7.0,17.94871794871795,False,Insufficient Review Volume
pc_gamer,8,9,1545.95,133.57,0.08639994825188395,7.0,0.0,-10.073654100529101,0.0,8.0,3.125,3.0,37.5,False,Insufficient Review Volume
perfumery,3162,3419,399124.87,54213.84,0.13583177615566777,3088.0,228.0,-11.693486225052773,7.383419689119171,3150.0,4.1984202211690365,425.0,13.492063492063492,True,High Revenue + High Experience
pet_shop,1710,1947,214315.41,39561.24,0.1845935390273616,1688.0,106.0,-11.659985614687555,6.279620853080568,1701.0,4.238990017615972,198.0,11.64021164021164,True,High Revenue + High Experience
portateis_cozinha_e_preparadores_de_alimentos,14,15,3968.5299999999997,309.76,0.07805409055746082,13.0,1.0,-9.04705039173789,7.6923076923076925,14.0,3.4285714285714284,4.0,28.57142857142857,False,Insufficient Review Volume
security_and_services,2,2,283.28999999999996,41.22,0.14550460658688977,2.0,0.0,-16.27826388888889,0.0,2.0,2.5,1.0,50.0,False,Insufficient Review Volume
signaling_and_security,140,199,21509.23,6507.820000000001,0.3025594128660115,138.0,8.0,-11.007135584406871,5.797101449275362,138.0,4.108695652173913,16.0,11.594202898550725,True,Lower Revenue + High Experience
small_appliances,630,679,190648.58,16020.25,0.08403026133213266,609.0,38.0,-13.184509612753146,6.239737274220033,624.0,4.173566878980892,87.0,13.942307692307693,True,High Revenue + High Experience
small_appliances_home_oven_and_coffee,75,76,47445.71,2747.86,0.05791587901203291,72.0,5.0,-10.817515110596709,6.944444444444445,75.0,4.293333333333333,8.0,10.666666666666668,False,Insufficient Review Volume
sports_leisure,7720,8641,988048.97,168607.51,0.1706469164175132,7530.0,584.0,-11.168420893586148,7.755644090305445,7669.0,4.168242455640461,1003.0,13.078628243578041,True,High Revenue + High Experience
stationery,2311,2517,230943.23,46798.48,0.20264062297907587,2264.0,176.0,-11.348995156679427,7.773851590106007,2295.0,4.2441355343179845,265.0,11.546840958605664,True,High Revenue + High Experience
tablets_printing_image,79,83,7528.41,1226.2,0.1628763576904021,79.0,5.0,-12.411658169245195,6.329113924050633,77.0,4.1558441558441555,10.0,12.987012987012985,False,Insufficient Review Volume
telephony,4199,4545,323667.52999999997,71215.79,0.22002760054429926,4093.0,349.0,-10.561554228764559,8.526752992914732,4168.0,4.004073807812126,645.0,15.475047984644913,True,High Revenue + Lower Experience
toys,3886,4117,483946.6,77425.95,0.15998862271167935,3804.0,286.0,-11.381300558987617,7.518401682439538,3853.0,4.188293188293188,490.0,12.717363093693226,True,High Revenue + High Experience
watches_gifts,5624,5991,1205005.68,100535.93,0.08343191378151844,5493.0,468.0,-11.092276809794958,8.519934462042599,5576.0,4.065699964196205,849.0,15.225968436154949,True,High Revenue + Lower Experience
Unclassified / Missing Category,1451,1603,179535.28,28169.81,0.1569040357973096,,,,,,,,,False,Unclassified / Missing Category
