city,total_orders,total_revenue,total_freight,delivery_orders,late_orders,avg_delivery_delay_days,reviewed_orders,avg_review_score,negative_reviews,late_delivery_rate,negative_review_rate,freight_ratio,poor_review_signal,negative_review_signal,late_delivery_signal,freight_signal,hotspot_signals
rio de janeiro,6882,992538.86,161695.16,6604,780,-12.50499121078415,6797,3.90596341523221,1384.0,11.811023622047244,20.36192437840224,0.1629106592360525,True,True,True,False,3
campinas,1444,187844.53,24697.17,1406,143,-8.821431884186818,1427,4.09250175192712,198.0,10.170697012802275,13.875262789067976,0.1314766525274917,True,True,True,False,3
porto alegre,1379,190562.08,33502.01,1341,158,-11.09191526327782,1371,4.006564551422319,232.0,11.782252050708426,16.921954777534644,0.1758062779331544,True,True,True,False,3
salvador,1245,181104.42,35667.98,1188,208,-8.755085207787754,1219,3.717391304347826,276.0,17.50841750841751,22.641509433962263,0.1969470430373814,True,True,True,False,3
niteroi,849,117907.12,20012.26,825,103,-9.840030822109988,842,3.956057007125891,161.0,12.484848484848484,19.121140142517813,0.1697290206053714,True,True,True,False,3
goiania,692,106111.17,17949.36,660,76,-10.35611651234568,680,3.978676470588235,113.0,11.515151515151516,16.61764705882353,0.169156178374058,True,True,True,False,3
fortaleza,654,97868.06,20778.01,618,111,-8.995780257401414,648,3.811728395061728,142.0,17.96116504854369,21.91358024691358,0.2123063438674476,True,True,True,False,3
recife,613,89803.01,20220.51,593,79,-11.038627662232216,605,3.9322314049586775,117.0,13.322091062394604,19.33884297520661,0.2251651698534381,True,True,True,False,3
florianopolis,570,85925.99,13999.38,557,71,-9.21471528193364,564,4.015070921985815,96.0,12.74685816876122,17.02127659574468,0.1629236974750014,True,True,True,False,3
belem,447,80977.48,15684.14,431,42,-13.650560389275586,443,3.851015801354402,85.0,9.744779582366588,19.187358916478555,0.19368520729467,True,True,True,False,3
nova iguacu,442,60234.09,10589.66,423,57,-10.376576728176166,438,3.7899543378995433,104.0,13.47517730496454,23.74429223744292,0.1758084167952068,True,True,True,False,3
sao goncalo,409,52514.84,9092.69,385,96,-5.779189844877345,402,3.6529850746268657,105.0,24.935064935064936,26.119402985074625,0.1731451528748826,True,True,True,False,3
vitoria,380,53189.78,9532.64,374,43,-10.576565935086157,375,4.045333333333334,55.0,11.497326203208557,14.666666666666666,0.1792193913943618,True,True,True,False,3
sao luis,353,51026.91,12384.88,335,75,-7.933177687949143,350,3.692857142857143,80.0,22.388059701492537,22.857142857142858,0.2427127176621119,True,True,True,False,3
vila velha,334,48285.18,7897.46,326,50,-8.2516349267212,326,3.898773006134969,61.0,15.337423312883436,18.711656441717796,0.1635586736965669,True,True,True,False,3
praia grande,316,39671.02,5202.13,301,28,-7.745559362310816,314,4.130573248407643,41.0,9.30232558139535,13.05732484076433,0.1311317430204719,True,True,True,False,3
diadema,286,29393.24,4600.12,276,23,-8.91344471282877,285,3.975438596491228,43.0,8.333333333333332,15.087719298245611,0.1565026516301026,True,True,True,False,3
serra,285,36357.33,6608.44,278,43,-7.907671404543032,283,3.904593639575972,50.0,15.467625899280575,17.6678445229682,0.1817636223562071,True,True,True,False,3
teresina,281,49967.43,10536.92,271,60,-7.860006107352739,277,3.844765342960289,56.0,22.14022140221402,20.216606498194945,0.2108757644729777,True,True,True,False,3
duque de caxias,266,34029.68,5878.37,250,32,-9.441846759259258,262,3.7977099236641214,60.0,12.8,22.900763358778622,0.1727424413041791,True,True,True,False,3
joinville,264,34772.57,6199.5,257,24,-10.757765978527166,264,3.992424242424242,44.0,9.33852140077821,16.666666666666664,0.1782870808801305,True,True,True,False,3
joao pessoa,256,53164.81,9906.1,245,29,-11.3886462585034,252,4.027777777777778,40.0,11.83673469387755,15.873015873015872,0.1863281369763195,True,True,True,False,3
maceio,247,44702.48,8375.6,236,70,-5.828506208804143,245,3.636734693877551,68.0,29.66101694915254,27.755102040816325,0.1873632066945726,True,True,True,False,3
petropolis,240,33230.1,6348.83,234,30,-9.393488099477684,239,3.912133891213389,44.0,12.82051282051282,18.410041841004183,0.1910566022973148,True,True,True,False,3
macae,239,31337.8,6269.45,228,42,-7.639635568957114,235,3.608510638297872,61.0,18.421052631578945,25.957446808510635,0.2000603105514745,True,True,True,False,3
campos dos goytacazes,238,34660.36,5528.79,232,34,-10.17381410640166,236,3.961864406779661,41.0,14.6551724137931,17.372881355932204,0.1595133460818064,True,True,True,False,3
volta redonda,232,33354.0,5291.95,227,41,-7.32260233113069,229,3.882096069868996,46.0,18.06167400881057,20.087336244541483,0.1586601307189542,True,True,True,False,3
aracaju,225,36507.8,8091.0,213,29,-9.524329573117718,225,3.7466666666666666,52.0,13.615023474178404,23.11111111111111,0.2216238721588263,True,True,True,False,3
canoas,210,26785.25,5197.58,205,21,-11.890940379403792,210,3.947619047619048,37.0,10.24390243902439,17.61904761904762,0.1940463501367357,True,True,True,False,3
natal,207,35929.37,6921.63,203,22,-12.125200009122423,204,4.0245098039215685,38.0,10.83743842364532,18.62745098039216,0.192645459689385,True,True,True,False,3
sumare,183,21487.92,3130.86,177,22,-8.696390392864616,183,3.9234972677595623,35.0,12.429378531073446,19.12568306010929,0.1457032602504104,True,True,True,False,3
itaquaquecetuba,172,19365.24,2564.09,168,19,-8.323159653328924,168,3.940476190476191,28.0,11.30952380952381,16.666666666666664,0.1324068279040177,True,True,True,False,3
sao jose,169,20350.46,3996.97,167,26,-9.495092384675091,167,3.784431137724551,41.0,15.568862275449105,24.55089820359281,0.1964068625475787,True,True,True,False,3
nova friburgo,152,28024.89,3560.19,142,30,-5.21123850743349,151,3.6456953642384105,37.0,21.12676056338028,24.503311258278146,0.1270367162904118,True,True,True,False,3
hortolandia,145,16523.21,2225.36,142,30,-6.201209246218049,143,3.825174825174825,24.0,21.12676056338028,16.783216783216783,0.1346808519652053,True,True,True,False,3
cariacica,139,17574.58,3019.17,135,14,-10.252463563100138,136,4.066176470588236,19.0,10.37037037037037,13.970588235294118,0.1717918721243978,True,True,True,False,3
marica,139,15670.96,2889.57,133,21,-10.757053919521026,135,3.903703703703704,25.0,15.789473684210526,18.51851851851852,0.1843901075620128,True,True,True,False,3
rio das ostras,137,20268.71,3559.11,130,27,-6.924988871082621,136,3.625,37.0,20.76923076923077,27.20588235294117,0.1755962762307024,True,True,True,False,3
sao joao de meriti,134,18796.24,3204.87,124,27,-6.185875242682198,133,3.699248120300752,31.0,21.774193548387096,23.308270676691727,0.1705059096925767,True,True,True,False,3
pouso alegre,131,21372.21,2823.2,128,12,-12.62794044777199,129,4.077519379844961,20.0,9.375,15.503875968992247,0.1320967742690157,True,True,True,False,3
rio grande,125,16516.78,2933.71,121,15,-10.973392638506276,123,4.032520325203252,21.0,12.396694214876034,17.073170731707318,0.177619971931575,True,True,True,False,3
barra mansa,123,20086.96,2955.84,119,22,-8.85545489028945,122,3.844262295081968,25.0,18.487394957983195,20.49180327868853,0.1471521823113104,True,True,True,False,3
cachoeiro de itapemirim,122,15871.63,3299.79,121,13,-10.901376453933272,122,3.885245901639344,24.0,10.743801652892564,19.672131147540984,0.2079049221787554,True,True,True,False,3
pocos de caldas,122,17190.35,2825.68,116,10,-12.365353408365262,122,3.9672131147540974,25.0,8.620689655172415,20.49180327868853,0.1643759434799175,True,True,True,False,3
itajai,120,19348.57,2778.4,119,15,-9.851366129785248,116,4.051724137931035,16.0,12.605042016806722,13.79310344827586,0.1435971753984919,True,True,True,False,3
teresopolis,120,17115.29,3151.07,119,17,-9.261489262371615,120,3.941666666666667,22.0,14.285714285714285,18.33333333333333,0.1841084784423752,True,True,True,False,3
cabo frio,117,17182.670000000002,2895.55,113,27,-5.74231112749918,114,3.675438596491228,30.0,23.893805309734518,26.31578947368421,0.1685157196174983,True,True,True,False,3
resende,117,13545.25,2951.47,115,22,-7.95976559983897,115,3.843478260869565,20.0,19.130434782608692,17.391304347826086,0.2178970487809379,True,True,True,False,3
belford roxo,111,13932.95,2619.37,104,9,-13.122543068910256,109,3.651376146788991,27.0,8.653846153846153,24.770642201834864,0.1879982344011856,True,True,True,False,3
palmas,110,19742.48,4407.81,107,15,-11.246115978712355,109,4.036697247706422,16.0,14.018691588785046,14.678899082568808,0.2232652635332542,True,True,True,False,3
nilopolis,107,13718.18,2399.5,103,14,-9.937349424667383,103,3.932038834951456,22.0,13.592233009708735,21.35922330097087,0.1749138734146949,True,True,True,False,3
chapeco,103,15322.25,2428.5,101,15,-8.41469322973964,103,3.9029126213592233,18.0,14.85148514851485,17.475728155339805,0.1584949991026122,True,True,True,False,3
belo horizonte,2773,355611.13,61122.26,2697,166,-11.901479451619773,2754,4.108750907770515,375.0,6.154987022617724,13.616557734204791,0.1718794909484413,True,True,False,False,2
brasilia,2131,301920.25,50384.89,2071,147,-11.333708537877568,2119,4.067248702218027,314.0,7.098020280057943,14.818310523831997,0.1668814529664704,True,True,False,False,2
guarulhos,1189,144268.39,19307.43,1143,72,-9.944979778280029,1177,4.077740016992354,176.0,6.299212598425196,14.95327102803738,0.1338299401552897,True,True,False,False,2
contagem,426,49542.22,8851.62,416,27,-11.777431195468305,426,3.95774647887324,75.0,6.490384615384616,17.6056338028169,0.1786682147065674,True,True,False,False,2
maua,323,43639.96,4786.16,317,29,-9.429075242434864,322,4.149068322981367,44.0,9.14826498422713,13.664596273291924,0.1096737943847794,False,True,True,False,2
campo grande,320,57121.67,8363.58,312,38,-9.857909247388417,319,4.1426332288401255,44.0,12.17948717948718,13.79310344827586,0.1464169377400906,False,True,True,False,2
taboao da serra,296,35733.3,4666.8,284,13,-10.480531347809077,293,4.044368600682594,42.0,4.577464788732395,14.334470989761092,0.1306008680978247,True,True,False,False,2
maringa,271,37862.29,7123.51,260,15,-12.340827768874645,268,4.085820895522388,41.0,5.769230769230769,15.298507462686567,0.1881426083842261,True,True,False,False,2
taubate,270,29724.56,5018.35,260,8,-12.000968438390316,267,4.108614232209738,37.0,3.076923076923077,13.857677902621724,0.1688284031790546,True,True,False,False,2
cuiaba,248,39171.17,7933.51,243,18,-11.955982843697608,245,3.9224489795918367,47.0,7.4074074074074066,19.18367346938776,0.2025344149791798,True,True,False,False,2
jacarei,194,18479.13,2966.16,189,12,-9.034673353909463,193,4.1139896373057,26.0,6.349206349206349,13.471502590673577,0.16051405017444,True,True,False,False,2
feira de santana,185,27652.19,4814.61,181,13,-11.87406467413546,184,4.059782608695652,24.0,7.18232044198895,13.043478260869565,0.1741131534247378,True,True,False,False,2
ipatinga,171,21957.22,4219.56,169,8,-12.975020271751042,170,3.982352941176471,28.0,4.733727810650888,16.470588235294116,0.1921718687520551,True,True,False,False,2
embu das artes,165,20727.72,2518.92,157,12,-9.081253243689549,164,4.085365853658536,27.0,7.643312101910828,16.463414634146343,0.1215242197405213,True,True,False,False,2
sao vicente,165,21371.98,2747.83,159,20,-6.850300197996739,164,4.115853658536586,20.0,12.57861635220126,12.195121951219512,0.1285716157323748,True,False,True,False,2
franca,161,22443.73,3361.59,154,8,-11.8714666005291,159,4.088050314465409,24.0,5.194805194805195,15.09433962264151,0.1497785795854788,True,True,False,False,2
cascavel,153,24731.28,4173.08,151,11,-11.875439891464312,151,4.119205298013245,20.0,7.28476821192053,13.245033112582782,0.1687369193992385,True,True,False,False,2
aracatuba,141,16733.59,2723.49,138,4,-12.597280344202897,140,4.121428571428571,21.0,2.898550724637681,15.0,0.1627558700792836,True,True,False,False,2
jaboatao dos guararapes,135,21405.16,4267.7,131,8,-13.528190733672604,134,3.970149253731343,25.0,6.106870229007633,18.65671641791045,0.1993771595260208,True,True,False,False,2
sao jose dos pinhais,133,15124.05,2639.39,130,5,-11.757621527777776,131,4.0534351145038165,19.0,3.8461538461538463,14.50381679389313,0.1745160853078375,True,True,False,False,2
novo hamburgo,123,19847.08,3085.24,121,9,-12.533418464952556,123,4.024390243902439,21.0,7.43801652892562,17.073170731707318,0.1554505750971931,True,True,False,False,2
anapolis,113,17179.78,2917.73,111,9,-9.31596450617284,113,4.079646017699115,16.0,8.108108108108109,14.15929203539823,0.1698351201237734,True,True,False,False,2
porto velho,113,21938.53,4183.39,108,5,-17.882202932098764,112,3.982142857142857,21.0,4.62962962962963,18.75,0.1906868874076795,True,True,False,False,2
mage,111,16186.65,2575.9,106,4,-13.211830450733752,111,4.0,20.0,3.7735849056603774,18.01801801801802,0.1591373137740051,True,True,False,False,2
aparecida de goiania,110,14554.46,2437.78,105,9,-11.69986794532628,110,4.027272727272727,14.0,8.571428571428571,12.727272727272728,0.1674936754781695,True,False,True,False,2
sao leopoldo,105,11064.67,2160.51,103,11,-12.95416149766271,104,4.153846153846154,14.0,10.679611650485436,13.461538461538462,0.195262036734941,False,True,True,False,2
caieiras,102,13624.52,1579.6,97,4,-11.66839180030546,102,4.049019607843137,15.0,4.123711340206185,14.705882352941178,0.1159380293764477,True,True,False,False,2
cajamar,101,9873.27,1724.95,97,5,-9.807921200840015,101,4.014851485148514,14.0,5.154639175257731,13.861386138613865,0.1747090882757181,True,True,False,False,2
patos de minas,100,16791.97,2555.01,99,6,-12.656594533295925,99,4.03030303030303,15.0,6.0606060606060606,15.151515151515152,0.1521566558301378,True,True,False,False,2
santa luzia,100,12094.46,2255.24,96,6,-12.821746479552468,100,3.9,18.0,6.25,18.0,0.1864688460667115,True,True,False,False,2
sao paulo,15540,1914924.54,255302.58,15046,942,-10.027348663173674,15428,4.15562613430127,2026.0,6.260800212681112,13.131967850661136,0.1333225276856079,False,True,False,False,1
osasco,746,82157.86,11842.86,724,35,-10.153920190045016,740,4.183108108108108,97.0,4.834254143646409,13.108108108108109,0.14414762020335,False,True,False,False,1
santos,713,98777.09,12893.12,700,65,-8.75698622685185,704,4.198153409090909,87.0,9.285714285714286,12.357954545454543,0.1305274330312828,False,False,True,False,1
barueri,433,51328.35,7263.29,419,21,-10.150944461018298,433,4.140877598152425,63.0,5.011933174224343,14.549653579676674,0.141506399484885,False,True,False,False,1
juiz de fora,427,65140.77,10454.3,423,25,-12.20855105179056,421,4.199524940617577,56.0,5.91016548463357,13.30166270783848,0.1604878173837982,False,True,False,False,1
piracicaba,369,52307.98,6632.99,356,9,-11.753129128953391,369,4.159891598915989,53.0,2.528089887640449,14.363143631436316,0.126806464329152,False,True,False,False,1
carapicuiba,328,32235.88,5031.1,316,20,-10.298285608591186,326,4.138036809815951,43.0,6.329113924050633,13.190184049079754,0.1560714334462096,False,True,False,False,1
bauru,273,39462.26,5501.08,263,9,-12.48655413850162,273,4.146520146520147,38.0,3.4220532319391634,13.91941391941392,0.1394010378523683,False,True,False,False,1
cotia,250,31082.38,4184.8,242,7,-10.67170143671564,248,4.181451612903226,33.0,2.8925619834710745,13.306451612903224,0.1346357647001291,False,True,False,False,1
guaruja,226,29773.76,3914.05,217,12,-10.72143678528759,224,4.100446428571429,29.0,5.529953917050691,12.946428571428571,0.1314597148630203,True,False,False,False,1
americana,224,24926.37,3753.36,216,18,-10.38147162208505,224,4.212053571428571,26.0,8.333333333333332,11.607142857142858,0.1505778819780016,False,False,True,False,1
betim,203,29992.31,4357.61,196,11,-11.453188716458804,198,4.141414141414141,27.0,5.612244897959184,13.636363636363637,0.1452909095698197,False,True,False,False,1
pelotas,186,22387.13,4969.46,183,12,-11.619252491904474,183,4.202185792349726,28.0,6.557377049180328,15.300546448087433,0.2219784313576595,False,True,False,False,1
santana de parnaiba,185,23294.05,2962.04,178,10,-10.263312265917603,182,4.126373626373627,21.0,5.617977528089887,11.538461538461538,0.1271586521021462,True,False,False,False,1
manaus,140,20652.56,5140.5,137,5,-18.225802412814275,138,4.253623188405797,19.0,3.64963503649635,13.768115942028986,0.2489037678621923,False,True,False,False,1
divinopolis,137,35301.770000000004,3490.4700000000003,132,2,-14.171880611672275,137,4.124087591240876,17.0,1.5151515151515151,12.408759124087592,0.0988752122060735,True,False,False,False,1
itu,136,12707.03,2011.05,129,9,-10.310566232414583,136,4.213235294117647,18.0,6.976744186046512,13.23529411764706,0.1582627883935113,False,True,False,False,1
paulinia,130,16658.69,2132.15,127,11,-8.474268737241177,129,4.2015503875969,15.0,8.661417322834646,11.627906976744184,0.127990256136587,False,False,True,False,1
gravatai,112,19110.02,2609.34,111,3,-14.36957259342676,112,4.169642857142857,17.0,2.702702702702702,15.178571428571429,0.1365430282124247,False,True,False,False,1
ribeirao pires,109,10149.63,1631.0,106,5,-10.009688155136269,109,4.146788990825688,15.0,4.716981132075472,13.761467889908255,0.1606955130384063,False,True,False,False,1
botucatu,101,17179.5,1873.58,100,4,-12.23043472222222,101,4.138613861386139,15.0,4.0,14.85148514851485,0.1090590529410052,False,True,False,False,1
ribeirao das neves,101,12674.44,2213.17,98,5,-12.851242087112624,100,4.13,11.0,5.1020408163265305,11.0,0.1746167878028536,True,False,False,False,1
balneario camboriu,100,16958.38,2450.52,97,16,-9.25899066914853,99,4.232323232323233,12.0,16.49484536082474,12.12121212121212,0.1445020102155984,False,False,True,False,1
curitiba,1521,211738.06,33001.81,1489,74,-12.732134666567172,1512,4.201719576719577,185.0,4.969778374748153,12.235449735449736,0.1558614922607678,False,False,False,False,0
sao bernardo do campo,938,104540.99,14483.86,911,57,-9.799631014452984,936,4.251424501424502,109.0,6.256860592755214,11.645299145299145,0.1385471861324443,False,False,False,False,0
santo andre,797,92083.5,12638.02,778,31,-10.72842948145768,794,4.265743073047859,84.0,3.984575835475578,10.579345088161208,0.1372452176557146,False,False,False,False,0
sao jose dos campos,691,78650.94,11336.37,667,40,-9.823076760230997,690,4.231884057971015,82.0,5.997001499250374,11.884057971014492,0.1441352131328627,False,False,False,False,0
sorocaba,633,76551.76,10597.08,609,25,-10.40783427978471,627,4.258373205741627,69.0,4.105090311986864,11.004784688995215,0.1384302594741127,False,False,False,False,0
jundiai,565,81310.3,10096.47,549,33,-9.76982040157188,562,4.147686832740214,64.0,6.0109289617486334,11.387900355871883,0.1241720913586593,False,False,False,False,0
ribeirao preto,510,65637.01,9771.29,499,19,-12.33541497346545,503,4.248508946322068,51.0,3.807615230460922,10.139165009940358,0.1488686032468572,False,False,False,False,0
mogi das cruzes,383,52007.78,6546.88,374,14,-10.29894140547633,378,4.164021164021164,45.0,3.7433155080213902,11.904761904761903,0.1258827044722924,False,False,False,False,0
uberlandia,374,48551.97,8234.12,367,15,-12.880877705873448,372,4.266129032258065,37.0,4.087193460490464,9.946236559139784,0.1695939423261301,False,False,False,False,0
sao jose do rio preto,335,47070.55,6681.57,329,13,-12.449660024766407,331,4.244712990936556,37.0,3.951367781155015,11.178247734138973,0.1419479908350338,False,False,False,False,0
londrina,306,46465.26,6639.75,298,11,-12.944461572520506,306,4.169934640522876,32.0,3.691275167785235,10.45751633986928,0.1428970805285497,False,False,False,False,0
indaiatuba,280,37334.1,4500.41,274,8,-10.474275395377129,279,4.250896057347671,28.0,2.9197080291970803,10.03584229390681,0.1205442209668908,False,False,False,False,0
sao caetano do sul,277,32452.6,4300.74,272,13,-10.30027054398148,275,4.2690909090909095,28.0,4.779411764705882,10.181818181818182,0.1325237423195676,False,False,False,False,0
sao carlos,241,30244.33,4637.31,235,9,-12.985027482269505,241,4.219917012448133,30.0,3.829787234042553,12.448132780082988,0.1533282436741035,False,False,False,False,0
suzano,234,25334.87,3733.87,230,12,-10.166876409017714,232,4.219827586206897,27.0,5.217391304347826,11.637931034482758,0.147380665462266,False,False,False,False,0
caxias do sul,224,38480.07,5841.29,220,18,-13.193421927609428,224,4.140625,23.0,8.181818181818182,10.267857142857142,0.1518003995314977,False,False,False,False,0
montes claros,211,26690.89,4796.5,207,7,-13.709191604043657,210,4.276190476190476,24.0,3.3816425120772946,11.428571428571429,0.179705510007347,False,False,False,False,0
santa maria,197,31810.54,5526.29,196,16,-10.933593277588814,196,4.204081632653061,22.0,8.16326530612245,11.224489795918368,0.1737251238111644,False,False,False,False,0
marilia,196,33904.28,3589.69,194,6,-12.1064437165903,195,4.256410256410256,18.0,3.0927835051546397,9.230769230769232,0.1058771930859466,False,False,False,False,0
uberaba,191,28688.24,4649.51,186,9,-13.356221687076864,191,4.439790575916231,13.0,4.838709677419355,6.806282722513089,0.1620702420225151,False,False,False,False,0
limeira,190,23083.89,3290.28,186,9,-10.609048436877735,190,4.21578947368421,20.0,4.838709677419355,10.526315789473683,0.1425357684515044,False,False,False,False,0
blumenau,188,24755.36,4487.56,181,13,-12.477408750255782,188,4.154255319148936,22.0,7.18232044198895,11.702127659574469,0.1812762973352033,False,False,False,False,0
valinhos,183,22546.55,3114.07,181,10,-10.745059596889709,183,4.202185792349726,23.0,5.524861878453039,12.568306010928962,0.1381173616362592,False,False,False,False,0
itapevi,170,18348.91,2802.5,170,11,-10.691518858932463,170,4.247058823529412,19.0,6.470588235294119,11.176470588235295,0.1527338681153267,False,False,False,False,0
presidente prudente,161,26196.13,3716.16,157,11,-10.52672770700637,160,4.18125,18.0,7.006369426751593,11.25,0.1418591219390039,False,False,False,False,0
atibaia,159,20913.21,2873.2,154,10,-10.030342036435789,158,4.215189873417722,18.0,6.493506493506493,11.39240506329114,0.1373868478344548,False,False,False,False,0
rio claro,157,20505.56,3086.49,154,6,-10.492962962962965,156,4.403846153846154,16.0,3.896103896103896,10.256410256410255,0.1505196639350497,False,False,False,False,0
araraquara,155,20352.07,2849.68,150,11,-11.250658950617284,154,4.37012987012987,13.0,7.333333333333333,8.441558441558442,0.1400191724969499,False,False,False,False,0
braganca paulista,146,20127.62,2555.61,144,3,-11.219242541152262,144,4.256944444444445,15.0,2.083333333333333,10.416666666666668,0.1269703024997491,False,False,False,False,0
ponta grossa,143,18923.38,3228.9,141,8,-12.264199583004991,143,4.391608391608392,11.0,5.673758865248227,7.6923076923076925,0.17063019397169,False,False,False,False,0
governador valadares,141,19659.05,3525.56,134,5,-12.779156042703152,139,4.237410071942446,16.0,3.731343283582089,11.510791366906476,0.1793352171137466,False,False,False,False,0
sete lagoas,128,17308.35,2930.97,126,5,-11.464872593327454,128,4.2734375,13.0,3.968253968253968,10.15625,0.1693384984703914,False,False,False,False,0
santa barbara d'oeste,119,13072.08,1908.05,118,5,-10.63910134180791,117,4.3931623931623935,11.0,4.23728813559322,9.401709401709402,0.1459637639916524,False,False,False,False,0
passo fundo,113,15223.21,2940.66,112,5,-14.338409701554232,113,4.176991150442478,13.0,4.464285714285714,11.50442477876106,0.1931695089274863,False,False,False,False,0
ferraz de vasconcelos,111,15768.28,1867.5,109,8,-9.195246665817193,111,4.243243243243243,13.0,7.339449541284404,11.711711711711713,0.1184339699700918,False,False,False,False,0
franco da rocha,109,10122.2,1771.13,108,1,-11.158562242798356,107,4.158878504672897,11.0,0.9259259259259258,10.2803738317757,0.1749748078480962,False,False,False,False,0
pindamonhangaba,101,13070.16,1770.18,97,5,-11.443083834478808,101,4.405940594059406,10.0,5.154639175257731,9.9009900990099,0.1354367505830074,False,False,False,False,0
francisco morato,100,9365.31,1416.0,94,4,-10.48488832249803,100,4.22,12.0,4.25531914893617,12.0,0.1511962764713608,False,False,False,False,0
